{"action_name":{"13":"Afflatus Misery","18":"Afflatus Misery-AC_CS","21":"Afflatus Misery-AC_CS_Pot","10":"Assize","17":"Assize-AC_CS","16":"Assize-AC_CS_Pot","6":"Dia","0":"Dia (tick)","3":"Dia (tick)-Pot","15":"Dia-Pot","1":"Glare III","12":"Glare III-AC","4":"Glare III-AC_CS","5":"Glare III-AC_CS_Pot","9":"Glare III-AC_Pot","11":"Glare III-Pot","2":"attack","19":"attack-AC","7":"attack-AC_CS","8":"attack-AC_CS_Pot","20":"attack-AC_Pot","14":"attack-Pot"},"base_action":{"13":"Afflatus Misery","18":"Afflatus Misery","21":"Afflatus Misery","10":"Assize","17":"Assize","16":"Assize","6":"Dia","0":"Dia (tick)","3":"Dia (tick)","15":"Dia","1":"Glare III","12":"Glare III","4":"Glare III","5":"Glare III","9":"Glare III","11":"Glare III","2":"attack","19":"attack","7":"attack","8":"attack","20":"attack","14":"attack"},"n":{"13":4,"18":2,"21":1,"10":6,"17":2,"16":2,"6":12,"0":114,"3":19,"15":2,"1":90,"12":4,"4":13,"5":12,"9":6,"11":6,"2":61,"19":1,"7":8,"8":7,"20":1,"14":3},"p":{"13":[0.599967,0.223033,0.129033,0.047967],"18":[0.517667,0.305333,0.111333,0.065667],"21":[0.517667,0.305333,0.111333,0.065667],"10":[0.599967,0.223033,0.129033,0.047967],"17":[0.517667,0.305333,0.111333,0.065667],"16":[0.517667,0.305333,0.111333,0.065667],"6":[0.599967,0.223033,0.129033,0.047967],"0":[0.599967,0.223033,0.129033,0.047967],"3":[0.599967,0.223033,0.129033,0.047967],"15":[0.599967,0.223033,0.129033,0.047967],"1":[0.599967,0.223033,0.129033,0.047967],"12":[0.599967,0.223033,0.129033,0.047967],"4":[0.517667,0.305333,0.111333,0.065667],"5":[0.517667,0.305333,0.111333,0.065667],"9":[0.599967,0.223033,0.129033,0.047967],"11":[0.599967,0.223033,0.129033,0.047967],"2":[0.599967,0.223033,0.129033,0.047967],"19":[0.599967,0.223033,0.129033,0.047967],"7":[0.517667,0.305333,0.111333,0.065667],"8":[0.517667,0.305333,0.111333,0.065667],"20":[0.599967,0.223033,0.129033,0.047967],"14":[0.599967,0.223033,0.129033,0.047967]},"buffs":{"13":[1.0],"18":[1.03],"21":[1.03],"10":[1.0],"17":[1.03],"16":[1.03],"6":[1.0],"0":[1.0],"3":[1.0],"15":[1.0],"1":[1.0],"12":[1.03],"4":[1.03],"5":[1.03],"9":[1.03],"11":[1.0],"2":[1.0],"19":[1.03],"7":[1.03],"8":[1.03],"20":[1.03],"14":[1.0]},"l_c":{"13":1621.0,"18":1621.0,"21":1621.0,"10":1621.0,"17":1621.0,"16":1621.0,"6":1621.0,"0":1621.0,"3":1621.0,"15":1621.0,"1":1621.0,"12":1621.0,"4":1621.0,"5":1621.0,"9":1621.0,"11":1621.0,"2":1621.0,"19":1621.0,"7":1621.0,"8":1621.0,"20":1621.0,"14":1621.0},"main_stat_add":{"13":0,"18":0,"21":262,"10":0,"17":0,"16":262,"6":0,"0":0,"3":262,"15":262,"1":0,"12":0,"4":0,"5":262,"9":262,"11":262,"2":0,"19":0,"7":0,"8":262,"20":262,"14":262},"potency":{"13":1240,"18":1240,"21":1240,"10":400,"17":400,"16":400,"6":65,"0":65,"3":65,"15":65,"1":310,"12":310,"4":310,"5":310,"9":310,"11":310,"2":100,"19":100,"7":100,"8":100,"20":100,"14":100},"damage_type":{"13":"direct","18":"direct","21":"direct","10":"direct","17":"direct","16":"direct","6":"direct","0":"magic-dot","3":"magic-dot","15":"direct","1":"direct","12":"direct","4":"direct","5":"direct","9":"direct","11":"direct","2":"auto","19":"auto","7":"auto","8":"auto","20":"auto","14":"auto"}}