{
    "action_name": {
        "4": "Afflatus Misery",
        "3": "Assize",
        "2": "Dia",
        "1": "Dia (tick)",
        "0": "Glare III"
    },
    "base_action":{
        "4": "Afflatus Misery",
        "3": "Assize",
        "2": "Dia",
        "1": "Dia (tick)",
        "0": "Glare III"
    },
    "n": {
        "4": 1,
        "3": 3,
        "2": 3,
        "1": 30,
        "0": 31
    },
    "p": {
        "4": [
            0.676622,
            0.230378,
            0.069378,
            0.023622
        ],
        "3": [
            0.676622,
            0.230378,
            0.069378,
            0.023622
        ],
        "2": [
            0.676622,
            0.230378,
            0.069378,
            0.023622
        ],
        "1": [
            0.676622,
            0.230378,
            0.069378,
            0.023622
        ],
        "0": [
            0.676622,
            0.230378,
            0.069378,
            0.023622
        ]
    },
    "buffs": {
        "4": [
            1
        ],
        "3": [
            1
        ],
        "2": [
            1
        ],
        "1": [
            1
        ],
        "0": [
            1
        ]
    },
    "l_c": {
        "4": 1604.0,
        "3": 1604.0,
        "2": 1604.0,
        "1": 1604.0,
        "0": 1604.0
    },
    "main_stat_add": {
        "4": 0,
        "3": 0,
        "2": 0,
        "1": 0,
        "0": 0
    },
    "potency": {
        "4": 1240,
        "3": 400,
        "2": 65,
        "1": 65,
        "0": 310
    },
    "damage_type": {
        "4": "direct",
        "3": "direct",
        "2": "direct",
        "1": "magic-dot",
        "0": "direct"
    }
}